familia_id,clinica,fecha,semana_programa,tipo_actividad,minutos,registrado_por,declarado_por,recurso,tiene_nota,nota_autorizada,nota
ej-01,CLINICA-EJEMPLO,2026-09-04,1,juego,5,principal,,s01-juego,0,0,
ej-01,CLINICA-EJEMPLO,2026-09-05,1,juego,,principal,,s01-juego,0,0,
ej-01,CLINICA-EJEMPLO,2026-09-11,2,lectura,2,secundario,,s02-lectura,0,0,
ej-01,CLINICA-EJEMPLO,2026-09-12,2,conversacion,10,principal,mama,s02-conversacion,0,0,
ej-01,CLINICA-EJEMPLO,2026-09-20,3,juego,2,principal,mama,s03-juego,0,0,
ej-01,CLINICA-EJEMPLO,2026-09-22,4,cancion,10,secundario,papa,s04-cancion,0,0,
ej-01,CLINICA-EJEMPLO,2026-09-24,4,lectura,5,principal,mama,s04-lectura,0,0,
ej-01,CLINICA-EJEMPLO,2026-10-02,5,lectura,2,secundario,otra,s05-lectura,0,0,
ej-01,CLINICA-EJEMPLO,2026-10-07,6,conversacion,5,principal,mama,s06-conversacion,0,0,
ej-01,CLINICA-EJEMPLO,2026-10-07,6,juego,10,principal,,s06-juego,0,0,
ej-01,CLINICA-EJEMPLO,2026-10-11,6,lectura,,principal,,s06-lectura,0,0,
ej-01,CLINICA-EJEMPLO,2026-10-18,7,juego,2,principal,mama,s07-juego,0,0,
ej-01,CLINICA-EJEMPLO,2026-10-18,7,conversacion,5,principal,mama,s07-conversacion,0,0,
ej-01,CLINICA-EJEMPLO,2026-10-22,8,lectura,,principal,otra,s08-lectura,0,0,
ej-01,CLINICA-EJEMPLO,2026-10-26,8,juego,10,principal,,s08-juego,0,0,
ej-02,CLINICA-EJEMPLO,2026-09-16,2,juego,,principal,,s02-juego,1,1,Nota de ejemplo escrita por el cuidador
ej-02,CLINICA-EJEMPLO,2026-09-18,2,lectura,10,principal,mama,s02-lectura,1,1,Nota de ejemplo escrita por el cuidador
ej-02,CLINICA-EJEMPLO,2026-09-21,2,juego,,principal,,s02-juego,1,1,Nota de ejemplo escrita por el cuidador
ej-02,CLINICA-EJEMPLO,2026-10-08,5,conversacion,10,principal,otra,s05-conversacion,0,1,
ej-02,CLINICA-EJEMPLO,2026-10-09,5,conversacion,,principal,otra,s05-conversacion,0,1,
ej-02,CLINICA-EJEMPLO,2026-10-16,6,cancion,,principal,mama,s06-cancion,0,1,
ej-02,CLINICA-EJEMPLO,2026-10-16,6,juego,2,principal,mama,s06-juego,0,1,
ej-03,CLINICA-EJEMPLO,2026-09-16,1,lectura,5,principal,,s01-lectura,0,0,
ej-03,CLINICA-EJEMPLO,2026-09-17,1,cancion,10,principal,mama,s01-cancion,0,0,
ej-03,CLINICA-EJEMPLO,2026-10-06,4,lectura,,principal,mama,s04-lectura,0,0,
ej-03,CLINICA-EJEMPLO,2026-10-08,4,lectura,2,principal,mama,s04-lectura,0,0,
ej-03,CLINICA-EJEMPLO,2026-10-13,5,lectura,2,principal,,s05-lectura,0,0,
ej-03,CLINICA-EJEMPLO,2026-10-17,5,lectura,,principal,mama,s05-lectura,0,0,
ej-03,CLINICA-EJEMPLO,2026-10-18,5,lectura,2,principal,otra,s05-lectura,0,0,
ej-03,CLINICA-EJEMPLO,2026-10-27,7,cancion,10,principal,papa,s07-cancion,0,0,
ej-03,CLINICA-EJEMPLO,2026-10-27,7,lectura,,principal,otra,s07-lectura,0,0,
ej-03,CLINICA-EJEMPLO,2026-10-31,7,lectura,10,principal,,s07-lectura,0,0,
ej-03,CLINICA-EJEMPLO,2026-11-09,8,lectura,2,principal,mama,s08-lectura,0,0,
ej-05,CLINICA-EJEMPLO,2026-09-22,1,lectura,10,principal,papa,s01-lectura,0,0,
ej-05,CLINICA-EJEMPLO,2026-09-23,1,lectura,10,principal,otra,s01-lectura,0,0,
ej-05,CLINICA-EJEMPLO,2026-09-24,1,lectura,2,principal,,s01-lectura,0,0,
ej-06,CLINICA-EJEMPLO,2026-09-30,1,juego,10,principal,,s01-juego,0,1,
ej-06,CLINICA-EJEMPLO,2026-10-04,1,lectura,10,principal,papa,s01-lectura,1,1,Nota de ejemplo escrita por el cuidador
ej-06,CLINICA-EJEMPLO,2026-10-09,2,cancion,2,principal,,s02-cancion,0,1,
ej-06,CLINICA-EJEMPLO,2026-10-17,3,juego,,principal,mama,s03-juego,1,1,Nota de ejemplo escrita por el cuidador
ej-06,CLINICA-EJEMPLO,2026-10-18,3,lectura,5,principal,papa,s03-lectura,0,1,
ej-06,CLINICA-EJEMPLO,2026-10-19,3,lectura,10,principal,mama,s03-lectura,0,1,
ej-06,CLINICA-EJEMPLO,2026-10-30,5,cancion,5,principal,papa,s05-cancion,1,1,Nota de ejemplo escrita por el cuidador
ej-06,CLINICA-EJEMPLO,2026-10-31,5,lectura,5,principal,mama,s05-lectura,0,1,
ej-06,CLINICA-EJEMPLO,2026-10-31,5,conversacion,10,principal,,s05-conversacion,1,1,Nota de ejemplo escrita por el cuidador
ej-06,CLINICA-EJEMPLO,2026-11-07,6,juego,5,principal,,s06-juego,0,1,
ej-06,CLINICA-EJEMPLO,2026-11-08,6,lectura,,principal,,s06-lectura,0,1,
ej-06,CLINICA-EJEMPLO,2026-11-09,6,lectura,,principal,,s06-lectura,0,1,
ej-06,CLINICA-EJEMPLO,2026-11-12,7,lectura,,principal,mama,s07-lectura,0,1,
ej-06,CLINICA-EJEMPLO,2026-11-14,7,lectura,10,principal,mama,s07-lectura,0,1,
ej-06,CLINICA-EJEMPLO,2026-11-16,7,lectura,10,principal,mama,s07-lectura,0,1,
ej-06,CLINICA-EJEMPLO,2026-11-20,8,lectura,5,principal,,s08-lectura,1,1,Nota de ejemplo escrita por el cuidador
ej-07,CLINICA-EJEMPLO,2026-10-20,3,lectura,5,principal,mama,s03-lectura,0,0,
ej-07,CLINICA-EJEMPLO,2026-10-21,3,lectura,5,principal,,s03-lectura,0,0,
ej-07,CLINICA-EJEMPLO,2026-10-22,3,juego,10,secundario,otra,s03-juego,0,0,
ej-08,CLINICA-EJEMPLO,2026-10-21,2,lectura,5,principal,mama,s02-lectura,1,1,Nota de ejemplo escrita por el cuidador
ej-08,CLINICA-EJEMPLO,2026-10-23,2,lectura,5,principal,,s02-lectura,0,1,
ej-08,CLINICA-EJEMPLO,2026-10-23,2,juego,2,principal,,s02-juego,0,1,
ej-08,CLINICA-EJEMPLO,2026-10-29,3,cancion,5,principal,otra,s03-cancion,0,1,
ej-08,CLINICA-EJEMPLO,2026-10-30,3,lectura,5,principal,,s03-lectura,1,1,Nota de ejemplo escrita por el cuidador
ej-08,CLINICA-EJEMPLO,2026-11-02,3,lectura,10,principal,papa,s03-lectura,0,1,
ej-08,CLINICA-EJEMPLO,2026-11-05,4,lectura,,principal,mama,s04-lectura,1,1,Nota de ejemplo escrita por el cuidador
ej-08,CLINICA-EJEMPLO,2026-11-17,6,juego,5,principal,mama,s06-juego,0,1,
ej-09,CLINICA-EJEMPLO,2026-11-10,3,conversacion,,principal,otra,s03-conversacion,0,0,
ej-09,CLINICA-EJEMPLO,2026-11-10,3,juego,5,principal,otra,s03-juego,0,0,
ej-09,CLINICA-EJEMPLO,2026-11-16,3,lectura,,principal,papa,s03-lectura,0,0,
ej-10,CLINICA-EJEMPLO,2026-11-09,1,lectura,2,principal,,s01-lectura,0,1,
ej-11,CLINICA-EJEMPLO,2026-11-12,1,conversacion,5,principal,,s01-conversacion,0,0,
ej-11,CLINICA-EJEMPLO,2026-11-23,2,cancion,10,principal,,s02-cancion,0,0,
ej-11,CLINICA-EJEMPLO,2026-11-23,2,juego,5,principal,,s02-juego,0,0,
