familia_id,clinica,estado,fecha_ancla,semanas_transcurridas,semanas_activas,adherencia,es_adherente,semana_baja,cuidadores,cuidadores_con_opt_in,entradas_bitacora,dias_distintos,dias_con_lectura,minutos_totales,entradas_con_minutos,entradas_lectura,entradas_cancion,entradas_juego,entradas_conversacion,entradas_cuidador_principal,entradas_cuidador_secundario,envios_realizados,envios_entregados,envios_leidos,mensajes_facturables,feedback_total,feedback_abierto,feedback_por_whatsapp
ej-01,CLINICA-EJEMPLO,activa,2026-09-01,8,8,1.000,1,,2,2,15,13,5,68,12,5,1,6,3,12,3,16,16,12,16,2,0,1
ej-02,CLINICA-EJEMPLO,activa,2026-09-08,8,3,0.375,0,,1,1,7,6,1,22,3,1,1,3,2,7,0,8,8,3,8,0,0,0
ej-03,CLINICA-EJEMPLO,activa,2026-09-15,8,5,0.625,1,,1,1,11,10,9,43,8,9,2,0,0,11,0,8,7,5,7,2,0,2
ej-04,CLINICA-EJEMPLO,activa,2026-09-15,8,0,0.000,0,,2,2,0,0,0,0,0,0,0,0,0,0,0,16,16,10,16,0,0,0
ej-05,CLINICA-EJEMPLO,activa,2026-09-22,8,1,0.125,0,,1,1,3,3,3,22,3,3,0,0,0,3,0,8,8,5,8,1,0,1
ej-06,CLINICA-EJEMPLO,activa,2026-09-29,8,7,0.875,1,,1,1,16,15,10,87,12,10,2,3,1,16,0,8,8,5,8,1,0,1
ej-07,CLINICA-EJEMPLO,baja,2026-10-06,8,1,0.125,0,5,2,0,3,3,2,20,3,2,0,1,0,2,1,8,8,6,8,2,0,0
ej-08,CLINICA-EJEMPLO,activa,2026-10-13,7,4,0.571,1,,1,1,8,7,5,37,7,5,1,2,0,8,0,6,6,6,6,0,0,0
ej-09,CLINICA-EJEMPLO,activa,2026-10-27,5,1,0.200,0,,1,1,3,2,1,5,1,1,0,1,1,3,0,4,4,4,4,1,1,1
ej-10,CLINICA-EJEMPLO,activa,2026-11-03,4,1,0.250,0,,2,2,1,1,1,2,1,1,0,0,0,1,0,6,6,4,6,2,1,1
ej-11,CLINICA-EJEMPLO,activa,2026-11-10,3,2,0.667,1,,1,1,3,2,0,20,3,0,1,1,1,3,0,2,2,2,2,1,0,1
ej-12,CLINICA-EJEMPLO,activa,2026-11-17,2,0,0.000,0,,1,1,0,0,0,0,0,0,0,0,0,0,0,1,1,0,1,0,0,0
